day,tickets
2025-08-01,10053.0
2025-08-02,10401.0
2025-08-03,9944.0
2025-08-04,10595.0
2025-08-05,10122.0
2025-08-06,9841.0
2025-08-07,10097.0
2025-08-08,9866.0
2025-08-09,9627.0
2025-08-10,9627.0
2025-08-11,10366.0
2025-08-12,10133.0
2025-08-13,9904.0
2025-08-14,10044.0
2025-08-15,9934.0
2025-08-16,9197.0
2025-08-17,8754.0
2025-08-18,10164.0
2025-08-19,9959.0
2025-08-20,8658.0
2025-08-21,9350.0
2025-08-22,9906.0
2025-08-23,10015.0
2025-08-24,9524.0
2025-08-25,10253.0
2025-08-26,9952.0
2025-08-27,9569.0
2025-08-28,9549.0
2025-08-29,9426.0
2025-08-30,9391.0
2025-08-31,9818.0
2025-09-01,9398.0
2025-09-02,10046.0
2025-09-03,10057.0
2025-09-04,10220.0
2025-09-05,10381.0
2025-09-06,8970.0
2025-09-07,8580.0
2025-09-08,10755.0
2025-09-09,10630.0
2025-09-10,9744.0
2025-09-11,10076.0
2025-09-12,10149.0
2025-09-13,9984.0
2025-09-14,9830.0
2025-09-15,10352.0
2025-09-16,10226.0
2025-09-17,9458.0
2025-09-18,9983.0
2025-09-19,10339.0
2025-09-20,10153.0
2025-09-21,10223.0
2025-09-22,11395.0
2025-09-23,10200.0
2025-09-24,9338.0
2025-09-25,9390.0
2025-09-26,11025.0
2025-09-27,9545.0
2025-09-28,10393.0
2025-09-29,10684.0
2025-09-30,11160.0
2025-10-01,9973.0
2025-10-02,9138.0
2025-10-03,11195.0
2025-10-04,9721.0
2025-10-05,10006.0
2025-10-06,11264.0
2025-10-07,10721.0
2025-10-08,10833.0
2025-10-09,10022.0
2025-10-10,9715.0
2025-10-11,9649.0
2025-10-12,9993.0
2025-10-13,11270.0
2025-10-14,11455.0
2025-10-15,11831.0
2025-10-16,12638.0
2025-10-17,11368.0
2025-10-18,9942.0
2025-10-19,10484.0
2025-10-20,10330.0
2025-10-21,11600.0
2025-10-22,10280.0
2025-10-23,10831.0
2025-10-24,10869.0
2025-10-25,10591.0
2025-10-26,11585.0
2025-10-27,12365.0
2025-10-28,11510.0
2025-10-29,8579.0
2025-10-30,12946.0
2025-10-31,13908.0
2025-11-01,10525.0
2025-11-02,9467.0
2025-11-03,11040.0
2025-11-04,9608.0
2025-11-05,10372.0
2025-11-06,11054.0
2025-11-07,10428.0
2025-11-08,9465.0
2025-11-09,8187.0
2025-11-10,11358.0
2025-11-11,12172.0
2025-11-12,13453.0
2025-11-13,10571.0
2025-11-14,10107.0
2025-11-15,8888.0
2025-11-16,8950.0
2025-11-17,11537.0
2025-11-18,10743.0
2025-11-19,10205.0
2025-11-20,11175.0
2025-11-21,10086.0
2025-11-22,8517.0
2025-11-23,9088.0
2025-11-24,10178.0
2025-11-25,9361.0
2025-11-26,9976.0
2025-11-27,8147.0
2025-11-28,10282.0
2025-11-29,10093.0
2025-11-30,9872.0
2025-12-01,12302.0
2025-12-02,12226.0
2025-12-03,12507.0
2025-12-04,13118.0
2025-12-05,13129.0
2025-12-06,11185.0
2025-12-07,10629.0
2025-12-08,12547.0
2025-12-09,14078.0
2025-12-10,12181.0
2025-12-11,11675.0
2025-12-12,12035.0
2025-12-13,10474.0
2025-12-14,11274.0
2025-12-15,16388.0
2025-12-16,13946.0
2025-12-17,10499.0
2025-12-18,9555.0
2025-12-19,10170.0
2025-12-20,8484.0
2025-12-21,8013.0
2025-12-22,10007.0
2025-12-23,8354.0
2025-12-24,7780.0
2025-12-25,6216.0
2025-12-26,8510.0
2025-12-27,7838.0
2025-12-28,8698.0
2025-12-29,9452.0
2025-12-30,10072.0
2025-12-31,8761.0
2026-01-01,8291.0
2026-01-02,10379.0
2026-01-03,8829.0
2026-01-04,8594.0
2026-01-05,11415.0
2026-01-06,10386.0
2026-01-07,10474.0
2026-01-08,10529.0
2026-01-09,9859.0
2026-01-10,8182.0
2026-01-11,8519.0
2026-01-12,10977.0
2026-01-13,10110.0
2026-01-14,9738.0
2026-01-15,10016.0
2026-01-16,10544.0
2026-01-17,7933.0
2026-01-18,7334.0
2026-01-19,9691.0
2026-01-20,12478.0
2026-01-21,12186.0
2026-01-22,10783.0
2026-01-23,10741.0
2026-01-24,13022.0
2026-01-25,11989.0
2026-01-26,15727.0
2026-01-27,19225.0
2026-01-28,16982.0
2026-01-29,15361.0
2026-01-30,15448.0
2026-01-31,12769.0
2026-02-01,15684.0
2026-02-02,14173.0
2026-02-03,12893.0
2026-02-04,11831.0
2026-02-05,11589.0
2026-02-06,10826.0
2026-02-07,11153.0
2026-02-08,14514.0
2026-02-09,14842.0
2026-02-10,12900.0
2026-02-11,11509.0
2026-02-12,10939.0
2026-02-13,10573.0
2026-02-14,8935.0
2026-02-15,8890.0
2026-02-16,9182.0
2026-02-17,10146.0
2026-02-18,10016.0
2026-02-19,10761.0
2026-02-20,10405.0
2026-02-21,9523.0
2026-02-22,8888.0
2026-02-23,15424.0
2026-02-24,22805.0
2026-02-25,13703.0
2026-02-26,12186.0
2026-02-27,11040.0
2026-02-28,9361.0
2026-03-01,9139.0
2026-03-02,11122.0
2026-03-03,10390.0
2026-03-04,11353.0
2026-03-05,10749.0
2026-03-06,12335.0
2026-03-07,9993.0
2026-03-08,11107.0
2026-03-09,14146.0
2026-03-10,12715.0
2026-03-11,11875.0
2026-03-12,11237.0
2026-03-13,11794.0
2026-03-14,9715.0
2026-03-15,9737.0
2026-03-16,11300.0
2026-03-17,11844.0
2026-03-18,11645.0
2026-03-19,11384.0
2026-03-20,10563.0
2026-03-21,9773.0
2026-03-22,9599.0
2026-03-23,11286.0
2026-03-24,11767.0
2026-03-25,10831.0
2026-03-26,11429.0
2026-03-27,10700.0
2026-03-28,9612.0
2026-03-29,9744.0
2026-03-30,11658.0
2026-03-31,11847.0
2026-04-01,11075.0
2026-04-02,9650.0
2026-04-03,9652.0
2026-04-04,8816.0
2026-04-05,7800.0
2026-04-06,10471.0
2026-04-07,10415.0
2026-04-08,9966.0
2026-04-09,9643.0
2026-04-10,9740.0
2026-04-11,9219.0
2026-04-12,9458.0
2026-04-13,11118.0
2026-04-14,11963.0
2026-04-15,11205.0
2026-04-16,10969.0
2026-04-17,10778.0
2026-04-18,9538.0
2026-04-19,8584.0
2026-04-20,11036.0
2026-04-21,11097.0
2026-04-22,9933.0
2026-04-23,10704.0
2026-04-24,10370.0
2026-04-25,8148.0
2026-04-26,9296.0
2026-04-27,10943.0
2026-04-28,10584.0
2026-04-29,10012.0
2026-04-30,10007.0
2026-05-01,10533.0
2026-05-02,9648.0
2026-05-03,8955.0
2026-05-04,11225.0
2026-05-05,11635.0
2026-05-06,10292.0
2026-05-07,10262.0
2026-05-08,10493.0
2026-05-09,9058.0
2026-05-10,9265.0
2026-05-11,11046.0
2026-05-12,11045.0
2026-05-13,10793.0
2026-05-14,10316.0
2026-05-15,11099.0
2026-05-16,10875.0
2026-05-17,11602.0
2026-05-18,11480.0
2026-05-19,12339.0
2026-05-20,12733.0
2026-05-21,12095.0
2026-05-22,10568.0
2026-05-23,7972.0
2026-05-24,8254.0
2026-05-25,10072.0
2026-05-26,12512.0
2026-05-27,11486.0
2026-05-28,11148.0
2026-05-29,11629.0
2026-05-30,10085.0
2026-05-31,11465.0
2026-06-01,11810.0
2026-06-02,11593.0
2026-06-03,11538.0
2026-06-04,11214.0
2026-06-05,11688.0
2026-06-06,10539.0
2026-06-07,12559.0
2026-06-08,12206.0
2026-06-09,11912.0
2026-06-10,11275.0
2026-06-11,11035.0
2026-06-12,10998.0
2026-06-13,10184.0
2026-06-14,10698.0
2026-06-15,11535.0
2026-06-16,11242.0
2026-06-17,10409.0
2026-06-18,10816.0
2026-06-19,10240.0
2026-06-20,10414.0
2026-06-21,11685.0
2026-06-22,11305.0
2026-06-23,10440.0
2026-06-24,11367.0
2026-06-25,10955.0
2026-06-26,11031.0
2026-06-27,9886.0
2026-06-28,10999.0
2026-06-29,11949.0
2026-06-30,11312.0
2026-07-01,11602.0
2026-07-02,14140.0
2026-07-03,13083.0
2026-07-04,13148.0
2026-07-05,12277.0
2026-07-06,11473.0
2026-07-07,11607.0
2026-07-08,11544.0
2026-07-09,10911.0
2026-07-10,10753.0
2026-07-11,9202.0
2026-07-12,10383.0
2026-07-13,11614.0
2026-07-14,11403.0
2026-07-15,10724.0
2026-07-16,10216.0
2026-07-17,10887.0
2026-07-18,9402.0
2026-07-19,9991.0
2026-07-20,12028.0
2026-07-21,10673.0
2026-07-22,10535.0
2026-07-23,10585.0
2026-07-24,10726.0
2026-07-25,10002.0
2026-07-26,11562.0
2026-07-27,11253.0
2026-07-28,10468.0
2026-07-29,10411.0
2026-07-30,9882.0
2026-07-31,10648.0
