area,category,tickets,breach_rate,median_hours,hotspot_score
BRONX,UNSANITARY CONDITION,211,0.8862559241706162,251.79611111111112,4.747306319259082
MANHATTAN,UNSANITARY CONDITION,142,0.9084507042253521,350.0755555555555,4.50849969932062
BROOKLYN,UNSANITARY CONDITION,189,0.8148148148148148,200.2213888888889,4.275352947686322
QUEENS,UNSANITARY CONDITION,77,0.8961038961038961,220.4713888888889,3.904063753786777
MANHATTAN,Street Condition,88,0.45454545454545453,48.96319444444445,2.040289258969154
BROOKLYN,Street Condition,146,0.3972602739726027,43.05111111111111,1.9825006166655252
QUEENS,Street Condition,231,0.30735930735930733,25.625,1.6741054259234112
BROOKLYN,HEAT/HOT WATER,571,0.21541155866900175,43.02444444444444,1.3676779263392558
STATEN ISLAND,Street Condition,47,0.2978723404255319,24.213055555555556,1.1531237053768184
QUEENS,HEAT/HOT WATER,261,0.20689655172413793,47.42888888888889,1.1520712766402268
BRONX,Street Condition,67,0.26865671641791045,29.861944444444443,1.1335990849726854
BROOKLYN,Dirty Condition,137,0.16058394160583941,25.4075,0.7912378180544417
MANHATTAN,HEAT/HOT WATER,437,0.11899313501144165,35.67611111111111,0.723742295971568
QUEENS,Dirty Condition,91,0.15384615384615385,27.8625,0.6956597810844678
BRONX,Dirty Condition,68,0.14705882352941177,21.287777777777777,0.6226627212643029
BRONX,HEAT/HOT WATER,631,0.07606973058637084,35.35916666666667,0.49056527879405576
STATEN ISLAND,Dirty Condition,23,0.13043478260869565,29.323055555555555,0.41452876048016685
STATEN ISLAND,HEAT/HOT WATER,20,0.1,39.219027777777775,0.3044522437723423
MANHATTAN,Dirty Condition,98,0.05102040816326531,22.450138888888887,0.2344448903129893
BROOKLYN,Illegal Parking,1384,0.002890173410404624,1.572638888888889,0.020905940516246932
BRONX,Illegal Parking,574,0.0,1.7259722222222222,0.0
BRONX,Blocked Driveway,159,0.0,1.996388888888889,0.0
BRONX,Noise - Street/Sidewalk,184,0.0,1.3054166666666667,0.0
BRONX,Noise - Residential,910,0.0,1.5073611111111112,0.0
MANHATTAN,Illegal Parking,425,0.0,1.0377777777777777,0.0
MANHATTAN,Noise - Residential,380,0.0,0.9141666666666667,0.0
BROOKLYN,Noise - Residential,702,0.0,1.1018055555555555,0.0
BROOKLYN,Blocked Driveway,366,0.0,1.602638888888889,0.0
BROOKLYN,Noise - Street/Sidewalk,207,0.0,1.1672222222222222,0.0
MANHATTAN,Blocked Driveway,35,0.0,0.8738888888888889,0.0
MANHATTAN,Noise - Street/Sidewalk,280,0.0,0.9008333333333334,0.0
QUEENS,Noise - Residential,523,0.0,1.3202777777777779,0.0
QUEENS,Illegal Parking,1040,0.0,1.399722222222222,0.0
QUEENS,Blocked Driveway,485,0.0,1.376111111111111,0.0
QUEENS,Noise - Street/Sidewalk,164,0.0,1.5491666666666668,0.0
STATEN ISLAND,Blocked Driveway,28,0.0,1.0133333333333332,0.0
STATEN ISLAND,Illegal Parking,89,0.0,1.7602777777777778,0.0
STATEN ISLAND,Noise - Residential,53,0.0,1.2644444444444445,0.0
